role,department,job_level,grade,country,currency,period,annual_min,annual_max,monthly_min,monthly_max
Customer Service L1,Customer Service,L1,B,IT,EUR,year,27500,36000,2300,3000
Customer Service L1,Customer Service,L1,B,PL,PLN,month,77000,102000,6400,8500
Customer Service L1,Customer Service,L1,B,DE,EUR,year,41500,54500,3400,4600
Customer Service L1,Customer Service,L1,B,ES,EUR,year,24500,32500,2000,2800
Customer Service L2,Customer Service,L2,C,IT,EUR,year,29500,39000,2400,3300
Customer Service L2,Customer Service,L2,C,PL,PLN,month,84000,110000,7000,9200
Customer Service L2,Customer Service,L2,C,DE,EUR,year,45000,59000,3700,4900
Customer Service L2,Customer Service,L2,C,ES,EUR,year,26500,35500,2200,3000
Customer Service L3,Customer Service,L3,D,IT,EUR,year,37000,52000,3000,4400
Customer Service L3,Customer Service,L3,D,PL,PLN,month,104000,147000,8700,12200
Customer Service L3,Customer Service,L3,D,DE,EUR,year,56000,78500,4600,6600
Customer Service L3,Customer Service,L3,D,ES,EUR,year,33000,47000,2700,4000
Customer Service L4,Customer Service,L4,E,IT,EUR,year,48500,68500,4000,5700
Customer Service L4,Customer Service,L4,E,PL,PLN,month,137000,192000,11400,16000
Customer Service L4,Customer Service,L4,E,DE,EUR,year,73500,103500,6100,8600
Customer Service L4,Customer Service,L4,E,ES,EUR,year,43500,62000,3600,5200
Customer Service L5,Customer Service,L5,F,IT,EUR,year,64500,97000,5300,8100
Customer Service L5,Customer Service,L5,F,PL,PLN,month,181000,273000,15100,22800
Customer Service L5,Customer Service,L5,F,DE,EUR,year,97500,146500,8100,12200
Customer Service L5,Customer Service,L5,F,ES,EUR,year,58000,87500,4800,7300
Customer Service L6,Customer Service,L6,G,IT,EUR,year,86000,138000,7100,11500
Customer Service L6,Customer Service,L6,G,PL,PLN,month,242000,388000,20100,32400
Customer Service L6,Customer Service,L6,G,DE,EUR,year,130000,208500,10800,17400
Customer Service L6,Customer Service,L6,G,ES,EUR,year,77500,124500,6400,10400
Operations L1,Operations,L1,B,IT,EUR,year,27500,36000,2300,3000
Operations L1,Operations,L1,B,PL,PLN,month,77000,102000,6400,8500
Operations L1,Operations,L1,B,DE,EUR,year,41500,54500,3400,4600
Operations L1,Operations,L1,B,ES,EUR,year,24500,32500,2000,2800
Operations L2,Operations,L2,C,IT,EUR,year,29500,39000,2400,3300
Operations L2,Operations,L2,C,PL,PLN,month,84000,110000,7000,9200
Operations L2,Operations,L2,C,DE,EUR,year,45000,59000,3700,4900
Operations L2,Operations,L2,C,ES,EUR,year,26500,35500,2200,3000
Operations L3,Operations,L3,D,IT,EUR,year,37000,52000,3000,4400
Operations L3,Operations,L3,D,PL,PLN,month,104000,147000,8700,12200
Operations L3,Operations,L3,D,DE,EUR,year,56000,78500,4600,6600
Operations L3,Operations,L3,D,ES,EUR,year,33000,47000,2700,4000
Operations L4,Operations,L4,E,IT,EUR,year,48500,68500,4000,5700
Operations L4,Operations,L4,E,PL,PLN,month,137000,192000,11400,16000
Operations L4,Operations,L4,E,DE,EUR,year,73500,103500,6100,8600
Operations L4,Operations,L4,E,ES,EUR,year,43500,62000,3600,5200
Operations L5,Operations,L5,F,IT,EUR,year,64500,97000,5300,8100
Operations L5,Operations,L5,F,PL,PLN,month,181000,273000,15100,22800
Operations L5,Operations,L5,F,DE,EUR,year,97500,146500,8100,12200
Operations L5,Operations,L5,F,ES,EUR,year,58000,87500,4800,7300
Operations L6,Operations,L6,G,IT,EUR,year,86000,138000,7100,11500
Operations L6,Operations,L6,G,PL,PLN,month,242000,388000,20100,32400
Operations L6,Operations,L6,G,DE,EUR,year,130000,208500,10800,17400
Operations L6,Operations,L6,G,ES,EUR,year,77500,124500,6400,10400
Tech L1,Tech,L1,A,IT,EUR,year,25500,33500,2100,2800
Tech L1,Tech,L1,A,PL,PLN,month,72000,94000,6000,7900
Tech L1,Tech,L1,A,DE,EUR,year,38500,50500,3200,4200
Tech L1,Tech,L1,A,ES,EUR,year,23000,30500,1900,2600
Tech L2,Tech,L2,B,IT,EUR,year,27500,36000,2300,3000
Tech L2,Tech,L2,B,PL,PLN,month,77000,102000,6400,8500
Tech L2,Tech,L2,B,DE,EUR,year,41500,54500,3400,4600
Tech L2,Tech,L2,B,ES,EUR,year,24500,32500,2000,2800
Tech L3,Tech,L3,D,IT,EUR,year,37000,52000,3000,4400
Tech L3,Tech,L3,D,PL,PLN,month,104000,147000,8700,12200
Tech L3,Tech,L3,D,DE,EUR,year,56000,78500,4600,6600
Tech L3,Tech,L3,D,ES,EUR,year,33000,47000,2700,4000
Tech L4,Tech,L4,E,IT,EUR,year,48500,68500,4000,5700
Tech L4,Tech,L4,E,PL,PLN,month,137000,192000,11400,16000
Tech L4,Tech,L4,E,DE,EUR,year,73500,103500,6100,8600
Tech L4,Tech,L4,E,ES,EUR,year,43500,62000,3600,5200
Tech L5,Tech,L5,F,IT,EUR,year,64500,97000,5300,8100
Tech L5,Tech,L5,F,PL,PLN,month,181000,273000,15100,22800
Tech L5,Tech,L5,F,DE,EUR,year,97500,146500,8100,12200
Tech L5,Tech,L5,F,ES,EUR,year,58000,87500,4800,7300
Tech L6,Tech,L6,G,IT,EUR,year,86000,138000,7100,11500
Tech L6,Tech,L6,G,PL,PLN,month,242000,388000,20100,32400
Tech L6,Tech,L6,G,DE,EUR,year,130000,208500,10800,17400
Tech L6,Tech,L6,G,ES,EUR,year,77500,124500,6400,10400
Sales L1,Sales,L1,A,IT,EUR,year,25500,33500,2100,2800
Sales L1,Sales,L1,A,PL,PLN,month,72000,94000,6000,7900
Sales L1,Sales,L1,A,DE,EUR,year,38500,50500,3200,4200
Sales L1,Sales,L1,A,ES,EUR,year,23000,30500,1900,2600
Sales L2,Sales,L2,C,IT,EUR,year,29500,39000,2400,3300
Sales L2,Sales,L2,C,PL,PLN,month,84000,110000,7000,9200
Sales L2,Sales,L2,C,DE,EUR,year,45000,59000,3700,4900
Sales L2,Sales,L2,C,ES,EUR,year,26500,35500,2200,3000
Sales L3,Sales,L3,D,IT,EUR,year,37000,52000,3000,4400
Sales L3,Sales,L3,D,PL,PLN,month,104000,147000,8700,12200
Sales L3,Sales,L3,D,DE,EUR,year,56000,78500,4600,6600
Sales L3,Sales,L3,D,ES,EUR,year,33000,47000,2700,4000
Sales L4,Sales,L4,E,IT,EUR,year,48500,68500,4000,5700
Sales L4,Sales,L4,E,PL,PLN,month,137000,192000,11400,16000
Sales L4,Sales,L4,E,DE,EUR,year,73500,103500,6100,8600
Sales L4,Sales,L4,E,ES,EUR,year,43500,62000,3600,5200
Sales L5,Sales,L5,F,IT,EUR,year,64500,97000,5300,8100
Sales L5,Sales,L5,F,PL,PLN,month,181000,273000,15100,22800
Sales L5,Sales,L5,F,DE,EUR,year,97500,146500,8100,12200
Sales L5,Sales,L5,F,ES,EUR,year,58000,87500,4800,7300
Sales L6,Sales,L6,G,IT,EUR,year,86000,138000,7100,11500
Sales L6,Sales,L6,G,PL,PLN,month,242000,388000,20100,32400
Sales L6,Sales,L6,G,DE,EUR,year,130000,208500,10800,17400
Sales L6,Sales,L6,G,ES,EUR,year,77500,124500,6400,10400
Finance L1,Finance,L1,A,IT,EUR,year,25500,33500,2100,2800
Finance L1,Finance,L1,A,PL,PLN,month,72000,94000,6000,7900
Finance L1,Finance,L1,A,DE,EUR,year,38500,50500,3200,4200
Finance L1,Finance,L1,A,ES,EUR,year,23000,30500,1900,2600
Finance L2,Finance,L2,B,IT,EUR,year,27500,36000,2300,3000
Finance L2,Finance,L2,B,PL,PLN,month,77000,102000,6400,8500
Finance L2,Finance,L2,B,DE,EUR,year,41500,54500,3400,4600
Finance L2,Finance,L2,B,ES,EUR,year,24500,32500,2000,2800
Finance L3,Finance,L3,D,IT,EUR,year,37000,52000,3000,4400
Finance L3,Finance,L3,D,PL,PLN,month,104000,147000,8700,12200
Finance L3,Finance,L3,D,DE,EUR,year,56000,78500,4600,6600
Finance L3,Finance,L3,D,ES,EUR,year,33000,47000,2700,4000
Finance L4,Finance,L4,E,IT,EUR,year,48500,68500,4000,5700
Finance L4,Finance,L4,E,PL,PLN,month,137000,192000,11400,16000
Finance L4,Finance,L4,E,DE,EUR,year,73500,103500,6100,8600
Finance L4,Finance,L4,E,ES,EUR,year,43500,62000,3600,5200
Finance L5,Finance,L5,F,IT,EUR,year,64500,97000,5300,8100
Finance L5,Finance,L5,F,PL,PLN,month,181000,273000,15100,22800
Finance L5,Finance,L5,F,DE,EUR,year,97500,146500,8100,12200
Finance L5,Finance,L5,F,ES,EUR,year,58000,87500,4800,7300
Finance L6,Finance,L6,G,IT,EUR,year,86000,138000,7100,11500
Finance L6,Finance,L6,G,PL,PLN,month,242000,388000,20100,32400
Finance L6,Finance,L6,G,DE,EUR,year,130000,208500,10800,17400
Finance L6,Finance,L6,G,ES,EUR,year,77500,124500,6400,10400
HR L1,HR,L1,A,IT,EUR,year,25500,33500,2100,2800
HR L1,HR,L1,A,PL,PLN,month,72000,94000,6000,7900
HR L1,HR,L1,A,DE,EUR,year,38500,50500,3200,4200
HR L1,HR,L1,A,ES,EUR,year,23000,30500,1900,2600
HR L2,HR,L2,B,IT,EUR,year,27500,36000,2300,3000
HR L2,HR,L2,B,PL,PLN,month,77000,102000,6400,8500
HR L2,HR,L2,B,DE,EUR,year,41500,54500,3400,4600
HR L2,HR,L2,B,ES,EUR,year,24500,32500,2000,2800
HR L3,HR,L3,D,IT,EUR,year,37000,52000,3000,4400
HR L3,HR,L3,D,PL,PLN,month,104000,147000,8700,12200
HR L3,HR,L3,D,DE,EUR,year,56000,78500,4600,6600
HR L3,HR,L3,D,ES,EUR,year,33000,47000,2700,4000
HR L4,HR,L4,E,IT,EUR,year,48500,68500,4000,5700
HR L4,HR,L4,E,PL,PLN,month,137000,192000,11400,16000
HR L4,HR,L4,E,DE,EUR,year,73500,103500,6100,8600
HR L4,HR,L4,E,ES,EUR,year,43500,62000,3600,5200
HR L5,HR,L5,F,IT,EUR,year,64500,97000,5300,8100
HR L5,HR,L5,F,PL,PLN,month,181000,273000,15100,22800
HR L5,HR,L5,F,DE,EUR,year,97500,146500,8100,12200
HR L5,HR,L5,F,ES,EUR,year,58000,87500,4800,7300
HR L6,HR,L6,G,IT,EUR,year,86000,138000,7100,11500
HR L6,HR,L6,G,PL,PLN,month,242000,388000,20100,32400
HR L6,HR,L6,G,DE,EUR,year,130000,208500,10800,17400
HR L6,HR,L6,G,ES,EUR,year,77500,124500,6400,10400
