country,isco08,ern,bns,base,aging,premium,local,eur
IT,OC1,129937.0,30413.0,99524.0,1.1073,1.0812,119149.3884,119149.3884
IT,OC2,44773.0,7142.0,37631.0,1.1073,1.0812,45051.5517,45051.5517
IT,OC3,42419.0,5313.0,37106.0,1.1073,1.0812,44423.0257,44423.0257
IT,OC4,34349.0,4757.0,29592.0,1.1073,1.0812,35427.3211,35427.3211
IT,OC8,31577.0,4037.0,27540.0,1.1073,1.0812,32970.682,32970.682
IT,OC9,25128.0,3107.0,22021.0,1.1073,1.0812,26363.3765,26363.3765
PL,OC1,147881.0,10586.0,137295.0,1.4457,1.0812,214596.5641,50412.649
PL,OC2,98124.0,5434.0,92690.0,1.4457,1.0812,144877.4939,34034.3671
PL,OC3,81476.0,4917.0,76559.0,1.4457,1.0812,119664.2147,28111.3077
PL,OC4,63896.0,3712.0,60184.0,1.4457,1.0812,94069.5555,22098.6552
PL,OC8,69277.0,5275.0,64002.0,1.4457,1.0812,100037.214,23500.5671
PL,OC9,50746.0,2865.0,47881.0,1.4457,1.0812,74839.5651,17581.1795
DE,OC1,118311.0,20618.0,97693.0,1.1649,1.0812,123043.8439,123043.8439
DE,OC2,73798.0,7562.0,66236.0,1.1649,1.0812,83423.91,83423.91
DE,OC3,55742.0,5116.0,50626.0,1.1649,1.0812,63763.1933,63763.1933
DE,OC4,45568.0,4058.0,41510.0,1.1649,1.0812,52281.637,52281.637
DE,OC8,40934.0,3065.0,37869.0,1.1649,1.0812,47695.8157,47695.8157
DE,OC9,30331.0,1191.0,29140.0,1.1649,1.0812,36701.684,36701.684
ES,OC1,63626.0,9227.0,54399.0,1.1416,1.0812,67142.552,67142.552
ES,OC2,44075.0,4264.0,39811.0,1.1416,1.0812,49137.1558,49137.1558
ES,OC3,35163.0,4010.0,31153.0,1.1416,1.0812,38450.926,38450.926
ES,OC4,27214.0,2766.0,24448.0,1.1416,1.0812,30175.2075,30175.2075
ES,OC8,27901.0,2999.0,24902.0,1.1416,1.0812,30735.5619,30735.5619
ES,OC9,20562.0,1822.0,18740.0,1.1416,1.0812,23130.047,23130.047
