country,entity,grade,index,min,mid,max,currency,min_local,mid_local,max_local
IT,IT · Milan,A,0.66,25592.37,29431.22,33270.08,EUR,25592.37,29431.22,33270.08
IT,IT · Milan,B,0.71,27639.76,31785.72,35931.68,EUR,27639.76,31785.72,35931.68
IT,IT · Milan,C,0.77,29850.94,34328.58,38806.22,EUR,29850.94,34328.58,38806.22
IT,IT · Milan,D,1.0,37095.03,44514.04,51933.04,EUR,37095.03,44514.04,51933.04
IT,IT · Milan,E,1.31,48685.67,58422.81,68159.94,EUR,48685.67,58422.81,68159.94
IT,IT · Milan,F,1.81,64544.87,80681.09,96817.31,EUR,64544.87,80681.09,96817.31
IT,IT · Milan,G,2.51,86057.75,111875.07,137692.4,EUR,86057.75,111875.07,137692.4
PL,PL · Kraków,A,0.66,16933.22,19473.21,22013.19,PLN,72081.34,82893.54,93705.74
PL,PL · Kraków,B,0.71,18287.88,21031.06,23774.24,PLN,77847.85,89525.02,101202.2
PL,PL · Kraków,C,0.77,19750.91,22713.55,25676.18,PLN,84075.67,96687.03,109298.38
PL,PL · Kraków,D,1.0,24543.97,29452.77,34361.56,PLN,104478.79,125374.55,146270.31
PL,PL · Kraków,E,1.31,32212.94,38655.53,45098.11,PLN,137124.04,164548.85,191973.66
PL,PL · Kraków,F,1.81,42706.2,53382.75,64059.3,PLN,181791.75,227239.69,272687.62
PL,PL · Kraków,G,2.51,56940.22,74022.29,91104.35,PLN,242383.13,315098.07,387813.0
DE,DE · Munich,A,0.66,38675.49,44476.82,50278.14,EUR,38675.49,44476.82,50278.14
DE,DE · Munich,B,0.71,41769.53,48034.96,54300.39,EUR,41769.53,48034.96,54300.39
DE,DE · Munich,C,0.77,45111.1,51877.76,58644.42,EUR,45111.1,51877.76,58644.42
DE,DE · Munich,D,1.0,56058.46,67270.15,78481.84,EUR,56058.46,67270.15,78481.84
DE,DE · Munich,E,1.31,73574.38,88289.26,103004.13,EUR,73574.38,88289.26,103004.13
DE,DE · Munich,F,1.81,97541.0,121926.25,146311.49,EUR,97541.0,121926.25,146311.49
DE,DE · Munich,G,2.51,130051.51,169066.97,208082.42,EUR,130051.51,169066.97,208082.42
ES,ES · Barcelona,A,0.66,23112.07,26578.88,30045.69,EUR,23112.07,26578.88,30045.69
ES,ES · Barcelona,B,0.71,24961.03,28705.19,32449.35,EUR,24961.03,28705.19,32449.35
ES,ES · Barcelona,C,0.77,26957.92,31001.61,35045.29,EUR,26957.92,31001.61,35045.29
ES,ES · Barcelona,D,1.0,33499.95,40199.94,46899.93,EUR,33499.95,40199.94,46899.93
ES,ES · Barcelona,E,1.31,43967.28,52760.73,61554.19,EUR,43967.28,52760.73,61554.19
ES,ES · Barcelona,F,1.81,58289.48,72861.84,87434.21,EUR,58289.48,72861.84,87434.21
ES,ES · Barcelona,G,2.51,77717.42,101032.64,124347.87,EUR,77717.42,101032.64,124347.87
